epsilon,baseline_acc,refined_acc
0.01,40.0390625,44.62890625
0.03,15.0390625,20.1171875
0.05,5.6640625,9.66796875
0.08,2.05078125,2.9296875
