epsilon,baseline_acc,refined_acc
0.01,9.08203125,10.546875
0.03,6.4453125,10.546875
0.05,3.90625,10.546875
0.08,1.26953125,10.3515625
